ori_title,comp_title,ori_link,comp_link,relation,ori_times,comp_times,pair_number,acoustic_idx
Gareth Gates - Listen to My Heart,Sorichyeo,https://www.youtube.com/watch?v=MsyJHwGN7js,https://www.youtube.com/watch?v=NtYtadH2s4E,plag,"[50, 63, 124, 139, 167, 181]","[87, 100, 144, 157, 170, 184]",0,1
Maroon 5 - This Love,Lee Seung Gi - Gamyeon,https://www.youtube.com/watch?v=XPpTgCho5ZA,https://www.youtube.com/watch?v=LXW2yw8Ttbg,plag,"[0, 10, 61, 112]","[0, 10, 61, 71, 122, 132]",1,2
Summer Dream,Kim Min Jong - Gwicheondo Ae,https://www.youtube.com/watch?v=mwaVOpAUBDk,https://www.youtube.com/watch?v=UgSkgXFMxBU,plag,"[73, 81, 145, 153]","[86, 101, 204, 219]",2,3
The Surfin In The Wind,Itneun Geudaero,https://www.youtube.com/watch?v=KeZ1Sy9HqeQ,https://www.youtube.com/watch?v=VOaDT52KGPI,plag,[2],[0],3,4
The Surfin In The Wind,Itneun Geudaero,https://www.youtube.com/watch?v=KeZ1Sy9HqeQ,https://www.youtube.com/watch?v=VOaDT52KGPI,plag,"[79, 93, 167, 181, 206, 220]","[80, 96, 174, 189]",3,5
The Surfin In The Wind,Itneun Geudaero,https://www.youtube.com/watch?v=KeZ1Sy9HqeQ,https://www.youtdbe.com/watch?v=VOaDT52KGPI,plag,"[86, 174, 213]","[88, 181]",3,6
NATSU,Itneun Geudaero,https://www.youtube.com/watch?v=Q2UPKFiH7Fg,https://www.youtube.com/watch?v=VOaDT52KGPI,plag,"[16, 24, 76, 83, 150, 158, 166, 181, 189]","[57, 65, 151, 159]",4,7
Honda Minako - Satsui no Bakansu,Min Hae Kyung - Nae Insaengeul Chajaseo,https://www.youtube.com/watch?v=6FLulpYQq3A,https://www.youtube.com/watch?v=0fNaEy4bsio,plag,[0],[0],5,8
Honda Minako - Satsui no Bakansu,Min Hae Kyung - Nae Insaengeul Chajaseo,https://www.youtube.com/watch?v=6FLulpYQq3A,https://www.youtube.com/watch?v=0fNaEy4bsio,plag,[8],[8],5,9
Honda Minako - Satsui no Bakansu,Min Hae Kyung - Nae Insaengeul Chajaseo,https://www.youtube.com/watch?v=6FLulpYQq3A,https://www.youtube.com/watch?v=0fNaEy4bsio,plag,[16],[16],5,10
Honda Minako - Satsui no Bakansu,Min Hae Kyung - Nae Insaengeul Chajaseo,https://www.youtube.com/watch?v=6FLulpYQq3A,https://www.youtube.com/watch?v=0fNaEy4bsio,plag,"[25, 40, 100, 114, 193, 207]","[24, 38, 96, 110, 186, 200]",5,11
Honda Minako - Satsui no Bakansu,Min Hae Kyung - Nae Insaengeul Chajaseo,https://www.youtube.com/watch?v=6FLulpYQq3A,https://www.youtube.com/watch?v=0fNaEy4bsio,plag,[54],[52],5,12
Honda Minako - Satsui no Bakansu,Min Hae Kyung - Nae Insaengeul Chajaseo,https://www.youtube.com/watch?v=6FLulpYQq3A,https://www.youtube.com/watch?v=0fNaEy4bsio,plag,"[62, 71, 156, 164]","[60, 68, 150, 158]",5,13
Honda Minako - Satsui no Bakansu,Min Hae Kyung - Nae Insaengeul Chajaseo,https://www.youtube.com/watch?v=6FLulpYQq3A,https://www.youtube.com/watch?v=0fNaEy4bsio,plag,"[79, 172]","[76, 166]",5,14
Honda Minako - Satsui no Bakansu,Min Hae Kyung - Nae Insaengeul Chajaseo,https://www.youtube.com/watch?v=6FLulpYQq3A,https://www.youtube.com/watch?v=0fNaEy4bsio,plag,"[87, 180]","[84, 174]",5,15
Honda Minako - Satsui no Bakansu,Min Hae Kyung - Nae Insaengeul Chajaseo,https://www.youtube.com/watch?v=6FLulpYQq3A,https://www.youtube.com/watch?v=0fNaEy4bsio,plag,"[129, 137]","[124, 132]",5,16
Honda Minako - Satsui no Bakansu,Min Hae Kyung - Nae Insaengeul Chajaseo,https://www.youtube.com/watch?v=6FLulpYQq3A,https://www.youtube.com/watch?v=0fNaEy4bsio,plag,[145],[140],5,17
Jo Deok Bae - Naui Yennal Iyagi,Design - Moon Geun Young,https://www.youtube.com/watch?v=fwucDkRlb3M,https://www.youtube.com/watch?v=CK6J3lU8FaQ,plag,"[26, 42, 59, 91, 107, 140]","[31, 44, 97, 110, 138, 152]",6,18
Saito Yuki - Jeongyeol,Byeon Jin Seop - Laura,https://www.youtube.com/watch?v=HA5lfZAKytA,https://www.youtube.com/watch?v=v62Fi5R1xRw,plag,[0],"[0, 8]",7,19
Saito Yuki - Jeongyeol,Byeon Jin Seop - Laura,https://www.youtube.com/watch?v=HA5lfZAKytA,https://www.youtube.com/watch?v=v62Fi5R1xRw,plag,"[24, 32, 39, 55, 62, 70, 144, 151, 159, 175, 182, 190]","[36, 45, 53]",7,20
Saito Yuki - Jeongyeol,Byeon Jin Seop - Laura,https://www.youtube.com/watch?v=HA5lfZAKytA,https://www.youtube.com/watch?v=v62Fi5R1xRw,plag,"[85, 206]","[68, 162]",7,21
Saito Yuki - Jeongyeol,Byeon Jin Seop - Laura,https://www.youtube.com/watch?v=HA5lfZAKytA,https://www.youtube.com/watch?v=v62Fi5R1xRw,plag,"[93, 214]","[76, 170]",7,22
Sam Harris - Dont Look In My Eyes,Nal Ullijima,https://www.youtube.com/watch?v=XkXu8trmTOM,https://www.youtube.com/watch?v=OnxtTll_6nw,plag,"[51, 59, 127, 135, 182, 190]","[65, 75, 132, 142, 175, 185]",8,23
Sam Harris - Dont Look In My Eyes,Nal Ullijima,https://www.youtube.com/watch?v=XkXu8trmTOM,https://www.youtube.com/watch?v=OnxtTll_6nw,plag,"[68, 144, 198]","[84, 151, 195]",8,24
Sam Harris - Dont Look In My Eyes,Nal Ullijima,https://www.youtube.com/watch?v=XkXu8trmTOM,https://www.youtube.com/watch?v=OnxtTll_6nw,plag,"[76, 152, 207]","[94, 161, 204]",8,25
Edith Piaf - Hymne Ã  lamour,Shin In Su - Jangmiui Miso,https://www.youtube.com/watch?v=sgBldNsK-xw,https://www.youtube.com/watch?v=wf5XPn1D_3w,plag,"[14, 41, 107, 116]","[61, 118]",9,26
Sharan Q - Konnani Anata wo Aishiteiru noni,Flower - Chingu,https://www.youtube.com/watch?v=JPkfsYLaeVE,https://www.youtube.com/watch?v=JU7qcTNyFwM,plag,"[0, 109]","[0, 99, 230]",10,27
Sharan Q - Konnani Anata wo Aishiteiru noni,Flower - Chingu,https://www.youtube.com/watch?v=JPkfsYLaeVE,https://www.youtube.com/watch?v=JU7qcTNyFwM,plag,"[10, 30, 119]","[9, 27, 108]",10,28
Sharan Q - Konnani Anata wo Aishiteiru noni,Flower - Chingu,https://www.youtube.com/watch?v=JPkfsYLaeVE,https://www.youtube.com/watch?v=JU7qcTNyFwM,plag,"[20, 40, 129]","[18, 35, 116]",10,29
Sharan Q - Konnani Anata wo Aishiteiru noni,Flower - Chingu,https://www.youtube.com/watch?v=JPkfsYLaeVE,https://www.youtube.com/watch?v=JU7qcTNyFwM,plag,"[50, 70, 139, 159]","[44, 125]",10,30
Sharan Q - Konnani Anata wo Aishiteiru noni,Flower - Chingu,https://www.youtube.com/watch?v=JPkfsYLaeVE,https://www.youtube.com/watch?v=JU7qcTNyFwM,plag,"[60, 79, 149, 169]","[53, 133]",10,31
Sharan Q - Konnani Anata wo Aishiteiru noni,Flower - Chingu,https://www.youtube.com/watch?v=JPkfsYLaeVE,https://www.youtube.com/watch?v=JU7qcTNyFwM,plag,"[89, 99, 179, 188, 216, 225, 235, 245]","[62, 79, 142, 160, 175, 192]",10,32
Haneureseo Naerineun Ileokeui Byeol,FTISLAND - Sarangalyi,https://www.youtube.com/watch?v=vh49rJ0MD_M,https://www.youtube.com/watch?v=Y_nfGFZonpE,plag,"[2, 17, 10, 25]","[51, 67, 117, 133, 167, 183, 199, 215, 59, 75, 125, 141, 175, 191, 207, 223]",11,33
Van Passel - If We Can Start All Over,Michael Jackson - You Are Not Alone,https://www.youtube.com/watch?v=8mWlxgHJ9_Q,https://www.youtube.com/watch?v=pAyKJAtDNCw,plag,"[4, 20, 38, 54, 70, 86]","[12, 28, 60, 76, 112, 128, 160, 176, 221, 237, 253, 269]",12,34
Van Passel - If We Can Start All Over,Michael Jackson - You Are Not Alone,https://www.youtube.com/watch?v=8mWlxgHJ9_Q,https://www.youtube.com/watch?v=pAyKJAtDNCw,plag,"[12, 28, 46, 62, 78, 94]","[20, 36, 68, 84, 120, 136, 168, 184, 229, 245, 261, 277]",12,35
Hitch Hike,There She Goes Again,https://www.youtube.com/watch?v=UZ2PaZU6kc8,https://www.youtube.com/watch?v=QbW39jwtewE,plag,[0],"[0, 7, 50, 57]",13,36
Sweet Little Sixteen,Surfin USA,https://www.youtube.com/watch?v=zwgM-3mr3DI,https://www.youtube.com/watch?v=KcZn05qxVgg,plag,"[3, 9, 14, 19, 25, 36, 112, 118, 123, 134, 145, 156]","[4, 9, 15, 21, 28, 34, 51, 57, 76, 82]",14,37
Sijakdoeneun Yeonindeureul Wihae,Jacky Cheung - In Love With You,https://www.youtube.com/watch?v=pZcKxcVWvWg,https://www.youtube.com/watch?v=3KA1Lec9QiU,plag,"[0, 63, 76, 168, 180, 199, 212]","[4, 71, 85, 162, 176, 190]",15,38
Lee Jung Hyun - Wa,Bandido - Vamos Amigos,https://www.youtube.com/watch?v=N-QqRqISX0k,https://www.youtube.com/watch?v=LLaB_-wtjRc,plag,"[30, 37, 112, 119, 193, 200]","[29, 36, 72, 79, 153, 160, 235, 242, 249, 256]",16,39
Lee Jung Hyun - Wa,Bandido - Vamos Amigos,https://www.youtube.com/watch?v=N-QqRqISX0k,https://www.youtube.com/watch?v=LLaB_-wtjRc,plag,"[1, 8, 98, 105]","[44, 51, 58, 65, 140, 227]",16,40
Lee Jung Hyun - Wa,Bandido - Vamos Amigos,https://www.youtube.com/watch?v=N-QqRqISX0k,https://www.youtube.com/watch?v=LLaB_-wtjRc,plag,"[44, 51, 126, 132]","[86, 92, 167, 174]",16,41
Lee Jung Hyun - Wa,Bandido - Vamos Amigos,https://www.youtube.com/watch?v=N-QqRqISX0k,https://www.youtube.com/watch?v=LLaB_-wtjRc,plag,"[58, 139]","[99, 181]",16,42
Lee Jung Hyun - Wa,Bandido - Vamos Amigos,https://www.youtube.com/watch?v=N-QqRqISX0k,https://www.youtube.com/watch?v=LLaB_-wtjRc,plag,"[65, 146]","[106, 188]",16,43
Lee Jung Hyun - Wa,Bandido - Vamos Amigos,https://www.youtube.com/watch?v=N-QqRqISX0k,https://www.youtube.com/watch?v=LLaB_-wtjRc,plag,"[71, 78, 153, 160]","[113, 120, 194, 201]",16,44
Lee Jung Hyun - Wa,Bandido - Vamos Amigos,https://www.youtube.com/watch?v=N-QqRqISX0k,https://www.youtube.com/watch?v=LLaB_-wtjRc,plag,"[85, 92, 166, 173]","[126, 133, 208, 215]",16,45
Lee Jung Hyun - Wa,Bandido - Vamos Amigos,https://www.youtube.com/watch?v=N-QqRqISX0k,https://www.youtube.com/watch?v=LLaB_-wtjRc,plag,[180],"[222, 256, 2, 36]",16,46
Lee Jung Hyun - Wa,Bandido - Vamos Amigos,https://www.youtube.com/watch?v=N-QqRqISX0k,https://www.youtube.com/watch?v=LLaB_-wtjRc,plag,[187],"[228, 9]",16,47
BTS - FAKE LOVE,Seiell - Scenne Nenne,https://www.youtube.com/watch?v=7C2z4GqqS5E,https://www.youtube.com/watch?v=6yYV9pHhDHI,plag,"[13, 75, 224]","[17, 103, 190]",17,48
BTS - FAKE LOVE,Seiell - Scenne Nenne,https://www.youtube.com/watch?v=7C2z4GqqS5E,https://www.youtube.com/watch?v=6yYV9pHhDHI,plag,"[1, 7, 19, 63, 69, 81, 211, 218, 230]","[4, 11, 23, 91, 97, 110, 178, 184, 196]",17,49
BTS - FAKE LOVE,Seiell - Scenne Nenne,https://www.youtube.com/watch?v=7C2z4GqqS5E,https://www.youtube.com/watch?v=6yYV9pHhDHI,plag,"[88, 94, 100, 106, 174, 180, 187, 193]","[29, 35, 41, 48, 116, 122, 128, 134, 202, 209, 215, 221]",17,50
Park Hye Kyung - Its You,Neoege Sseuneun Pyeonji,https://www.youtube.com/watch?v=AhDHZS04O_4,https://www.youtube.com/watch?v=nhuFm3BGIBY,plag,"[52, 63, 104, 114, 173, 183, 191, 201]","[50, 60, 118, 128, 173, 183]",18,51
Astro Jet - Haebyeonui Yeoin,Kivoice - Haebyeoneuro Gayo,https://www.youtube.com/watch?v=GoQSJEbdsnQ,https://www.youtube.com/watch?v=8t5eoca5NJg,plag,"[23, 195]","[1, 171]",19,52
Astro Jet - Haebyeonui Yeoin,Kivoice - Haebyeoneuro Gayo,https://www.youtube.com/watch?v=GoQSJEbdsnQ,https://www.youtube.com/watch?v=8t5eoca5NJg,plag,[30],[9],19,53
Astro Jet - Haebyeonui Yeoin,Kivoice - Haebyeoneuro Gayo,https://www.youtube.com/watch?v=GoQSJEbdsnQ,https://www.youtube.com/watch?v=8t5eoca5NJg,plag,"[73, 147]","[61, 125]",19,54
Astro Jet - Haebyeonui Yeoin,Kivoice - Haebyeoneuro Gayo,https://www.youtube.com/watch?v=GoQSJEbdsnQ,https://www.youtube.com/watch?v=8t5eoca5NJg,plag,"[80, 153]","[69, 133]",19,55
Astro Jet - Haebyeonui Yeoin,Kivoice - Haebyeoneuro Gayo,https://www.youtube.com/watch?v=GoQSJEbdsnQ,https://www.youtube.com/watch?v=8t5eoca5NJg,plag,"[33, 40, 53, 60, 87, 93, 160, 167]","[13, 22, 37, 45, 78, 86, 141, 149]",19,56
Astro Jet - Haebyeonui Yeoin,Kivoice - Haebyeoneuro Gayo,https://www.youtube.com/watch?v=GoQSJEbdsnQ,https://www.youtube.com/watch?v=8t5eoca5NJg,plag,"[46, 67, 100, 140, 174, 181, 188]","[29, 53, 93, 116, 157, 165]",19,57
Kuwata Keisuke - just a man in love,Lee Sang Eun - Saranghalgeoya,https://www.youtube.com/watch?v=xI32AfAPsOY,https://www.youtube.com/watch?v=C-1_c-mSR-E,plag,"[0, 10]","[0, 10]",20,58
Paul Young - Every Time You Go Away,Lim Jae Beom - I Bami Jinamyeon,https://www.youtube.com/watch?v=s_-QRNVbNM8,https://www.youtube.com/watch?v=Wu_Y02C2VwM,plag,[27],[21],21,59
I Know Him So Well from Chess,Nae Sarangingeol,https://www.youtube.com/watch?v=o3Exj5hubaw,https://www.youtube.com/watch?v=MaUMlEqZdcs,plag,"[83, 90, 182, 213]","[95, 126, 202, 232]",22,60
I Know Him So Well from Chess,Nae Sarangingeol,https://www.youtube.com/watch?v=o3Exj5hubaw,https://www.youtube.com/watch?v=MaUMlEqZdcs,plag,"[98, 227]","[110, 140, 217, 248]",22,61
Kisugi Takao - Goodbye day,Choi Seong Su - Naui Seulpeume Geudaeneun Tain,https://www.youtube.com/watch?v=gYc8KW30-7Q,https://www.youtube.com/watch?v=gzZz3JiNd_M,plag,"[72, 96, 174, 197, 225, 248]","[65, 85, 149, 170, 190, 210]",23,62
Kisugi Takao - Goodbye day,Choi Seong Su - Naui Seulpeume Geudaeneun Tain,https://www.youtube.com/watch?v=gYc8KW30-7Q,https://www.youtube.com/watch?v=gzZz3JiNd_M,plag,"[84, 107, 185, 208, 236, 259]","[75, 160]",23,63
Inoue Yosui - Hotel Riverside,Ireobeorin Gyejeol - Beonimdeul,https://www.youtube.com/watch?v=OPoSXc_ODdg,https://www.youtube.com/watch?v=UGwf55FqhsE,plag,"[25, 33, 40, 48, 56, 64, 72, 80, 120, 127, 135, 143, 151, 159, 167, 175]","[21, 28, 36, 43, 132, 139, 146, 154]",24,64
Inoue Yosui - Hotel Riverside,Ireobeorin Gyejeol - Beonimdeul,https://www.youtube.com/watch?v=OPoSXc_ODdg,https://www.youtube.com/watch?v=UGwf55FqhsE,plag,"[88, 96, 183, 191, 198, 206]","[69, 76, 84, 91, 180, 187, 194, 202, 210, 217]",24,65
Seri Yoko - Shiki no uta,Bulkkot,https://www.youtube.com/watch?v=-Tq-1eEjmiM,https://www.youtube.com/watch?v=Hd_NBGZzs4Y,plag,"[22, 48, 91, 117, 139, 160]","[0, 28, 70, 83, 114, 156, 170, 198, 215]",25,66
Seri Yoko - Shiki no uta,Bulkkot,https://www.youtube.com/watch?v=-Tq-1eEjmiM,https://www.youtube.com/watch?v=Hd_NBGZzs4Y,plag,"[32, 59, 101, 128, 149]","[7, 35, 77, 120, 163, 222]",25,67
Bobby Brown - Humpin Around,Lee Seung Cheol - Banghwang,https://www.youtube.com/watch?v=PGoDNmLDnRM,https://www.youtube.com/watch?v=GYXT0ggqK94,plag,[12],[15],26,68
Bobby Brown - Humpin Around,Lee Seung Cheol - Banghwang,https://www.youtube.com/watch?v=PGoDNmLDnRM,https://www.youtube.com/watch?v=GYXT0ggqK94,plag,"[73, 82, 134, 143, 221, 230, 239, 247, 256, 265]","[85, 93, 136, 145, 188, 197, 206, 214]",26,69
Me Espere,Lee Seung Cheol - Chinguui Chingureul Saranghaenne,https://www.youtube.com/watch?v=QQnZ19uMaTE,https://www.youtube.com/watch?v=0dw3u6AwidE,plag,"[0, 10]",[0],27,70
Me Espere,Lee Seung Cheol - Chinguui Chingureul Saranghaenne,https://www.youtube.com/watch?v=QQnZ19uMaTE,https://www.youtube.com/watch?v=0dw3u6AwidE,plag,"[18, 26, 34, 43, 93, 101]","[20, 28, 36, 44, 86, 94]",27,71
Me Espere,Lee Seung Cheol - Chinguui Chingureul Saranghaenne,https://www.youtube.com/watch?v=QQnZ19uMaTE,https://www.youtube.com/watch?v=0dw3u6AwidE,plag,"[51, 143]","[53, 138]",27,72
Me Espere,Lee Seung Cheol - Chinguui Chingureul Saranghaenne,https://www.youtube.com/watch?v=QQnZ19uMaTE,https://www.youtube.com/watch?v=0dw3u6AwidE,plag,"[60, 151]","[61, 147]",27,73
Me Espere,Lee Seung Cheol - Chinguui Chingureul Saranghaenne,https://www.youtube.com/watch?v=QQnZ19uMaTE,https://www.youtube.com/watch?v=0dw3u6AwidE,plag,"[68, 76, 84, 159, 168, 176, 184]","[69, 78, 155, 164]",27,74
Me Espere,Lee Seung Cheol - Chinguui Chingureul Saranghaenne,https://www.youtube.com/watch?v=QQnZ19uMaTE,https://www.youtube.com/watch?v=0dw3u6AwidE,plag,"[127, 135]",[122],27,75
Volevo un gatto nero,Turbo - Geomeun Goyangi Nero,https://www.youtube.com/watch?v=BmcojfEIyH4,https://www.youtube.com/watch?v=lGF_1ZgfCSI,remake,"[25, 33, 59, 67, 93, 101, 127, 135]","[68, 76, 132, 140, 147, 154]",28,76
Itoshi no Ellie,Park Sang Min - Ellie My Love,https://www.youtube.com/watch?v=zRRbe8GgEeI,https://www.youtube.com/watch?v=uNx5DAtlie4,remake,"[20, 48, 138]","[14, 41, 141]",29,77
Itoshi no Ellie,Park Sang Min - Ellie My Love,https://www.youtube.com/watch?v=zRRbe8GgEeI,https://www.youtube.com/watch?v=uNx5DAtlie4,remake,"[27, 55, 145]","[21, 48, 147]",29,78
Itoshi no Ellie,Park Sang Min - Ellie My Love,https://www.youtube.com/watch?v=zRRbe8GgEeI,https://www.youtube.com/watch?v=uNx5DAtlie4,remake,"[34, 62, 152]","[27, 55, 154]",29,79
Itoshi no Ellie,Park Sang Min - Ellie My Love,https://www.youtube.com/watch?v=zRRbe8GgEeI,https://www.youtube.com/watch?v=uNx5DAtlie4,remake,"[90, 180, 214]","[82, 182, 216]",29,80
Itoshi no Ellie,Park Sang Min - Ellie My Love,https://www.youtube.com/watch?v=zRRbe8GgEeI,https://www.youtube.com/watch?v=uNx5DAtlie4,remake,"[76, 83, 166, 173, 200, 207]","[69, 75, 168, 175, 202, 209]",29,81
Itoshi no Ellie,Park Sang Min - Ellie My Love,https://www.youtube.com/watch?v=zRRbe8GgEeI,https://www.youtube.com/watch?v=uNx5DAtlie4,remake,"[41, 96, 103, 159, 186, 193, 221, 227, 69]","[35, 62, 89, 96, 161, 189, 195, 223, 230]",29,82
Ben E King - Stand By Me,Kim Jin Pyo - Nae Gyeote,https://www.youtube.com/watch?v=hwZNL7QVJjE,https://www.youtube.com/watch?v=cGiZ4XK8ndQ,plag,"[17, 33, 65, 82]","[10, 69, 128, 167, 187]",30,83
Ben E King - Stand By Me,Kim Jin Pyo - Nae Gyeote,https://www.youtube.com/watch?v=hwZNL7QVJjE,https://www.youtube.com/watch?v=cGiZ4XK8ndQ,plag,"[25, 41, 73, 90]","[20, 79, 137, 177, 196]",30,84
Al Stewart - Palace of Versailles,Jeon In Kwon - Saranghan Hue,https://www.youtube.com/watch?v=zZDEpjj7l4g,https://www.youtube.com/watch?v=AbkLAcFvj58,remake,"[0, 13]","[13, 30]",31,85
Al Stewart - Palace of Versailles,Jeon In Kwon - Saranghan Hue,https://www.youtube.com/watch?v=zZDEpjj7l4g,https://www.youtube.com/watch?v=AbkLAcFvj58,remake,"[7, 20]","[22, 39]",31,86
Al Stewart - Palace of Versailles,Jeon In Kwon - Saranghan Hue,https://www.youtube.com/watch?v=zZDEpjj7l4g,https://www.youtube.com/watch?v=AbkLAcFvj58,remake,"[26, 39, 88, 101, 163, 176]","[48, 65, 131, 148, 228, 245]",31,87
Al Stewart - Palace of Versailles,Jeon In Kwon - Saranghan Hue,https://www.youtube.com/watch?v=zZDEpjj7l4g,https://www.youtube.com/watch?v=AbkLAcFvj58,remake,"[33, 46, 95, 108, 170, 183]","[57, 74, 139, 157, 237, 254]",31,88
Al Stewart - Palace of Versailles,Jeon In Kwon - Saranghan Hue,https://www.youtube.com/watch?v=zZDEpjj7l4g,https://www.youtube.com/watch?v=AbkLAcFvj58,remake,"[65, 127, 202]","[100, 181, 280]",31,89
Al Stewart - Palace of Versailles,Jeon In Kwon - Saranghan Hue,https://www.youtube.com/watch?v=zZDEpjj7l4g,https://www.youtube.com/watch?v=AbkLAcFvj58,remake,"[72, 133, 209]","[110, 190, 289]",31,90
Al Stewart - Palace of Versailles,Jeon In Kwon - Saranghan Hue,https://www.youtube.com/watch?v=zZDEpjj7l4g,https://www.youtube.com/watch?v=AbkLAcFvj58,remake,"[53, 59, 114, 121, 189, 196]","[82, 91, 165, 173, 262, 271]",31,91
Marvin Gaye - Got To Give It Up,Robin Thicke - Blurred Lines,https://www.youtube.com/watch?v=qhFNY9zW2F4,https://www.youtube.com/watch?v=yyDUC1LUXSU,plag,[5],[4],32,92
Spirit - Taurus,Led Zeppelin - Stairway To Heaven,https://www.youtube.com/watch?v=gFHLO_2_THg,https://www.youtube.com/watch?v=QkF3oxziUI4,plag,"[45, 59, 97, 110]","[0, 13, 26, 40, 54, 67, 81, 93, 108, 121]",33,93
The Chiffons - Hes So Fine,George Harrison - My Sweet Lord,https://www.youtube.com/watch?v=rinz9Avvq6A,https://www.youtube.com/watch?v=04v-SdKeEpE,plag,"[0, 33, 86]","[59, 344]",34,94
The Hollies - The Air That I Breathe,Radiohead - Creep,https://www.youtube.com/watch?v=7duPNQCp-w4,https://www.youtube.com/watch?v=XFkzRNyygfk,plag,"[20, 45]","[64, 126, 212]",35,95
Huey Lewis - I Want A New Drug,Ray Parker Jr - Ghostbusters,https://www.youtube.com/watch?v=N6uEMOeDZsA,https://www.youtube.com/watch?v=Fe93CLbHjxQ,plag,"[5, 53, 81, 95]","[12, 62, 104, 139, 187]",36,96
Tom Petty - I Wont Back Down,Sam Smith - Stay With Me,https://www.youtube.com/watch?v=3efKaFVBcMU,https://www.youtube.com/watch?v=p7E6N_MWpHI,plag,"[12, 39, 72, 81]","[40, 50, 80, 96, 126, 147]",37,97
Queen - Under Pressure,Vanilla Ice - Ice Ice Baby,https://www.youtube.com/watch?v=a01QQZyl-_I,https://www.youtube.com/watch?v=rog8ou-ZepE,plag,"[6, 78, 218]","[58, 140, 190, 210]",38,98
Muddy Waters - You need love,Led Zeppelin - Whole Lotta Love,https://www.youtube.com/watch?v=pM8_HuQ0b34,https://www.youtube.com/watch?v=HibBnC6SVk8,plag,"[0, 90]","[0, 202, 269]",39,99
FLAME - Joyful Noise,Katy Perry - Dark Horse,https://www.youtube.com/watch?v=MllhC0qyEjY,https://www.youtube.com/watch?v=xtoHuHgS9_o,plag,"[7, 82, 114, 163, 170]","[15, 73, 139]",40,100
Louis Tomlinson - Back to You,EXO - Love Shot,https://www.youtube.com/watch?v=-HjpL-Ns6_A,https://www.youtube.com/watch?v=pSudEWBAYRE,plag,"[90, 153]",[142],41,101
The Police - Every Breath You Take,Puff Daddy - Ill Be Missing You,https://www.youtube.com/watch?v=OMOGaugKpzs,https://www.youtube.com/watch?v=NKMtZm2YuBE,plag,[0],"[15, 98]",42,102
The Police - Every Breath You Take,Puff Daddy - Ill Be Missing You,https://www.youtube.com/watch?v=OMOGaugKpzs,https://www.youtube.com/watch?v=NKMtZm2YuBE,plag,"[16, 32, 65, 151]","[65, 82, 135, 152]",42,103
Sting - Shape of My Heart,Juice WRLD - Lucid Dreams,https://www.youtube.com/watch?v=NlwIDxCjL-8,https://www.youtube.com/watch?v=mzB1VGEGcSU,remake,"[10, 16, 33, 38, 56, 61, 78, 84, 101, 107, 124, 130, 182, 188, 205, 211]","[0, 7, 24, 29, 47, 52, 70, 75, 92, 98, 116, 121, 138, 144, 161, 167, 184, 189, 207, 212]",43,104
Dead Or Alive - You Spin Me Round,Flo Rida - Right Round,https://www.youtube.com/watch?v=PGNiXGX2nLU,https://www.youtube.com/watch?v=CcCw1ggftuQ,remake,"[61, 68, 106, 113, 143, 151, 158, 166, 173, 181]","[8, 16, 55, 62, 116, 124, 170, 178, 186, 193]",44,105
Rick James - Super Freak,MC Hammer - U Cant Touch This,https://www.youtube.com/watch?v=QYHxGBH6o4M,https://www.youtube.com/watch?v=otCpCn0l4Wo,plag,"[0, 8]","[15, 23]",45,106
Alice Deejay - Better Off Alone,David Guetta - Play Hard,https://www.youtube.com/watch?v=Lgs9QUtWc3M,https://www.youtube.com/watch?v=a2CTWkTQY6A,remake,"[30, 36, 44, 51, 58, 65, 114, 121, 128, 135, 142, 149, 156]","[0, 7, 46, 53, 61, 68, 122, 129, 136, 144, 159, 166, 173, 181]",46,107
a-ha - Take On Me,Pitbull - Feel This Moment,https://www.youtube.com/watch?v=djV11Xbc914,https://www.youtube.com/watch?v=5jlI4uzZGjU,remake,"[20, 25, 31, 140, 145, 151]","[42, 49, 56, 63, 127, 134, 197, 204, 212, 219]",47,108
Ninja - Omatsuri Ninja,Rula - Cheongsang Yu Ae,https://www.youtube.com/watch?v=llkjtir1Ies,https://www.youtube.com/watch?v=sW-SpELB6vY,plag,"[8, 15, 81]","[16, 24, 154, 162]",48,109
Ninja - Omatsuri Ninja,Rula - Cheongsang Yu Ae,https://www.youtube.com/watch?v=llkjtir1Ies,https://www.youtube.com/watch?v=sW-SpELB6vY,plag,"[32, 115]","[45, 109]",48,110
4MINUTE - Volume Up,Sunrise Inc - Mysterious Girl,https://www.youtube.com/watch?v=qsWl1--Niyg,https://www.youtube.com/watch?v=usZ6qWbBGpY,remake,"[25, 32, 99, 105, 173, 180]","[35, 42, 50, 57, 110, 117, 217, 224]",49,111
The Gap Band - Oops Upside Your Head,Mark Ronson - Uptown Funk,https://www.youtube.com/watch?v=IeHDnF7MU90,https://www.youtube.com/watch?v=OPf0YbXqDm0,plag,"[3, 7, 11, 15, 20, 25, 29, 34, 38, 43, 66, 71, 75, 80]","[176, 179, 183, 188, 234, 238, 242, 246, 250, 254, 259, 263]",50,112
Las Chicas Del Can - El Negro No Puede,Shakira - Waka Waka,https://www.youtube.com/watch?v=XhIW0ft94aQ,https://www.youtube.com/watch?v=pRpeEdMmmQ0,plag,"[21, 28, 36, 42, 112, 119, 127, 134]","[56, 63, 109, 116, 124, 161, 169, 184]",51,113
Jennifer Rush - The Power Of Love,Celine Dion - The Power Of Love,https://www.youtube.com/watch?v=b_zHQ6kFuQ0,https://www.youtube.com/watch?v=Y8HOfcYWZoo,remake,"[93, 146, 228]","[55, 110, 196]",52,114
Jennifer Rush - The Power Of Love,Celine Dion - The Power Of Love,https://www.youtube.com/watch?v=b_zHQ6kFuQ0,https://www.youtube.com/watch?v=Y8HOfcYWZoo,remake,"[39, 66, 119]","[0, 28, 83]",52,115
Kraftwerk - Computer Love,Coldplay - Talk,https://www.youtube.com/watch?v=uNBGWenPlGo,https://www.youtube.com/watch?v=EH9meoWmAOM,remake,"[0, 8, 46, 54, 123, 131, 293, 300, 308, 316]","[19, 27, 91, 99, 167, 175, 183, 243, 251, 259]",53,116
Jorge Ben - Taj Mahal,Rod Stewart - Da Ya Think Im Sexy,https://www.youtube.com/watch?v=PaBkFpYYeGU,https://www.youtube.com/watch?v=Hphwfq1wLJs,plag,"[51, 58, 79, 85, 140, 147, 175, 182, 274, 281, 308]","[53, 61, 105, 113, 199, 208]",54,117
Right Said Fred - Im Too Sexy,Taylor Swift - Look What You Made Me Do,https://www.youtube.com/watch?v=P5mtclwloEQ,https://www.youtube.com/watch?v=3tmd-ClpJxA,plag,"[1, 25, 33, 88, 96, 128, 153, 161]","[66, 73, 126, 133, 186, 193, 201, 208]",55,118
Kookaburra Song Australia,Men At Work - Down Under,https://www.youtube.com/watch?v=p2VitpGRalw,https://www.youtube.com/watch?v=XfR9iY5y94s,plag,"[7, 24, 42]","[52, 114]",56,119
The Isley Brothers - Love Is A Wonderful Thing,Michael Bolton - Love Is a Wonderful Thing,https://www.youtube.com/watch?v=MWh3GF8wrug,https://www.youtube.com/watch?v=H_ezMbv2sr4,plag,"[13, 19, 25, 31, 48, 54, 83, 89]","[51, 58, 180, 187]",57,120
Badfinger - Without you,Mariah Carey - Without You,https://www.youtube.com/watch?v=49dquH8tn6E,https://www.youtube.com/watch?v=4iusJui-BxM,remake,"[13, 41, 98]","[7, 39, 104]",58,121
Badfinger - Without you,Mariah Carey - Without You,https://www.youtube.com/watch?v=49dquH8tn6E,https://www.youtube.com/watch?v=4iusJui-BxM,remake,"[27, 55, 112]","[23, 54, 119]",58,122
Badfinger - Without you,Mariah Carey - Without You,https://www.youtube.com/watch?v=49dquH8tn6E,https://www.youtube.com/watch?v=4iusJui-BxM,remake,"[70, 84, 155, 169, 184, 198, 212, 226]","[71, 86, 136, 152, 183]",58,123
Neil Innes - How Sweet to Be an Idiot,Oasis - Whatever,https://www.youtube.com/watch?v=P_OPpfaFlUI,https://www.youtube.com/watch?v=ad9D41WzkEQ,plag,"[13, 39, 65, 144]","[21, 32, 64, 75, 106, 172, 182]",59,124
Nakashima Mika - Yuki no Hana,Park Hyo Shin - Nunui Kkot,https://youtu.be/mF5Qq2YheTg?si=LShBkOrVkhjkZbQ8,https://youtu.be/BY4sHNaV4WU?si=ztiZcPuYY7fcsG8-,remake,[0],[0],60,125
Nakashima Mika - Yuki no Hana,Park Hyo Shin - Nunui Kkot,https://youtu.be/mF5Qq2YheTg?si=LShBkOrVkhjkZbQ8,https://youtu.be/BY4sHNaV4WU?si=ztiZcPuYY7fcsG8-,remake,[11],[11],60,126
Nakashima Mika - Yuki no Hana,Park Hyo Shin - Nunui Kkot,https://youtu.be/mF5Qq2YheTg?si=LShBkOrVkhjkZbQ8,https://youtu.be/BY4sHNaV4WU?si=ztiZcPuYY7fcsG8-,remake,"[22,310]","[22,312]",60,127
Nakashima Mika - Yuki no Hana,Park Hyo Shin - Nunui Kkot,https://youtu.be/mF5Qq2YheTg?si=LShBkOrVkhjkZbQ8,https://youtu.be/BY4sHNaV4WU?si=ztiZcPuYY7fcsG8-,remake,"[36,49, 133, 147]","[35,49,134,147]",60,128
Nakashima Mika - Yuki no Hana,Park Hyo Shin - Nunui Kkot,https://youtu.be/mF5Qq2YheTg?si=LShBkOrVkhjkZbQ8,https://youtu.be/BY4sHNaV4WU?si=ztiZcPuYY7fcsG8-,remake,"[62,162]","[62, 162]",60,129
Nakashima Mika - Yuki no Hana,Park Hyo Shin - Nunui Kkot,https://youtu.be/mF5Qq2YheTg?si=LShBkOrVkhjkZbQ8,https://youtu.be/BY4sHNaV4WU?si=ztiZcPuYY7fcsG8-,remake,"[90, 107, 189, 206, 252,269, 285]","[89, 107,188, 205, 252, 269, 285]",60,130
Alain Barriere - Un Poete,Bae In Suk - Nuguraedo Geureohadeusi,https://youtu.be/YqH0rZXsFL0?si=UwOqY4HhYuw2o0oa,https://youtu.be/nhImDf_gE5Y?si=KloooszCl-TGeRRC,remake,"[32, 51, 81, 100, 129, 148, 178]","[30, 49, 76, 94, 123, 166]",61,131
Alain Barriere - Un Poete,Bae In Suk - Nuguraedo Geureohadeusi,https://youtu.be/YqH0rZXsFL0?si=UwOqY4HhYuw2o0oa,https://youtu.be/nhImDf_gE5Y?si=KloooszCl-TGeRRC,remake,"[61, 110, 158]","[58, 103, 148]",61,132
Alain Barriere - Un Poete,Bae In Suk - Nuguraedo Geureohadeusi,https://youtu.be/YqH0rZXsFL0?si=UwOqY4HhYuw2o0oa,https://youtu.be/nhImDf_gE5Y?si=KloooszCl-TGeRRC,remake,"[22, 71, 119, 168]","[21, 67, 112, 157]",61,133
Alain Barriere - Un Poete,Bae In Suk - Nuguraedo Geureohadeusi,https://youtu.be/YqH0rZXsFL0?si=UwOqY4HhYuw2o0oa,https://youtu.be/nhImDf_gE5Y?si=KloooszCl-TGeRRC,remake,"[42, 90, 139, 187]","[40, 85, 130, 175]",61,134
Gloria Gaynor - I Will Survive,Jin Ju - Nan Gwaenchanha,https://youtu.be/6dYWe1c3OyU?si=jwIU4T0BYpA24K0x,https://youtu.be/9-F_l6pRza8?si=h1tfOyimQ2b1UFAU,remake,"[8,24, 41, 57, 89, 106, 123, 139, 160]","[18, 34, 66, 81, 99, 115, 162, 178]",62,135
Gloria Gaynor - I Will Survive,Jin Ju - Nan Gwaenchanha,https://youtu.be/6dYWe1c3OyU?si=jwIU4T0BYpA24K0x,https://youtu.be/9-F_l6pRza8?si=h1tfOyimQ2b1UFAU,remake,"[16, 33, 50, 64, 98, 114, 131,148]","[26, 42, 74, 89, 107, 123, 170, 186]",62,136
X Japan - Tears,MC The Max - Jamsiman Annyeong,https://youtu.be/tTNybXzqb-g?si=2W75DmRDayk8AFWk,https://youtu.be/ikx0NPc4f5E?si=MCq6E5dyp_2NSWVP,remake,"[33, 45, 138, 151]","[32, 45, 138, 151]",63,137
X Japan - Tears,MC The Max - Jamsiman Annyeong,https://youtu.be/tTNybXzqb-g?si=2W75DmRDayk8AFWk,https://youtu.be/ikx0NPc4f5E?si=MCq6E5dyp_2NSWVP,remake,"[58, 71, 164, 177]","[58, 71, 163, 176]",63,138
X Japan - Tears,MC The Max - Jamsiman Annyeong,https://youtu.be/tTNybXzqb-g?si=2W75DmRDayk8AFWk,https://youtu.be/ikx0NPc4f5E?si=MCq6E5dyp_2NSWVP,remake,"[83, 96, 192, 205]","[83, 96, 192, 205]",63,139
X Japan - Tears,MC The Max - Jamsiman Annyeong,https://youtu.be/tTNybXzqb-g?si=2W75DmRDayk8AFWk,https://youtu.be/ikx0NPc4f5E?si=MCq6E5dyp_2NSWVP,remake,"[109, 218]","[109, 218]",63,140
Hirai Ken - Hitomi wo Tojite,Jeong Jae Uk - Gamanhi Nuneul Gamgo,https://youtu.be/aiAVh4MN4bo?si=cQIjbjJbjd7NcaCB,https://youtu.be/jSX4_wOPSaw?si=b5VDhsF4ATa3ugIP,remake,"[1,123]","[0,122]",64,141
Hirai Ken - Hitomi wo Tojite,Jeong Jae Uk - Gamanhi Nuneul Gamgo,https://youtu.be/aiAVh4MN4bo?si=cQIjbjJbjd7NcaCB,https://youtu.be/jSX4_wOPSaw?si=b5VDhsF4ATa3ugIP,remake,"[15, 28, 42, 55, 136, 150]","[14,27, 42, 55, 136, 149 ]",64,142
Hirai Ken - Hitomi wo Tojite,Jeong Jae Uk - Gamanhi Nuneul Gamgo,https://youtu.be/aiAVh4MN4bo?si=cQIjbjJbjd7NcaCB,https://youtu.be/jSX4_wOPSaw?si=b5VDhsF4ATa3ugIP,remake,"[69, 82, 163, 177]","[68,81, 163, 176]",64,143
Hirai Ken - Hitomi wo Tojite,Jeong Jae Uk - Gamanhi Nuneul Gamgo,https://youtu.be/aiAVh4MN4bo?si=cQIjbjJbjd7NcaCB,https://youtu.be/jSX4_wOPSaw?si=b5VDhsF4ATa3ugIP,remake,"[99,112, 193, 206, 255, 268, 282]","[98, 111, 193, 206, 255, 268, 281]",64,144
Lee Oskar - My Love Beside Me,Kim Hyun Sik - Nae Sarang Nae Gyeote,https://youtu.be/pFT6craxB1I?si=jAGjGrtFXQ-sB4mV,https://youtu.be/iJ6ThgYyhSs?si=TpwR5T2Z2VDBhhJ7,remake,"[0,16, 145,160,243]","[0,16, 147,163,244]",65,145
Lee Oskar - My Love Beside Me,Kim Hyun Sik - Nae Sarang Nae Gyeote,https://youtu.be/pFT6craxB1I?si=jAGjGrtFXQ-sB4mV,https://youtu.be/iJ6ThgYyhSs?si=TpwR5T2Z2VDBhhJ7,remake,"[34,49, 66, 81]","[33, 49, 66, 81]",65,146
Lee Oskar - My Love Beside Me,Kim Hyun Sik - Nae Sarang Nae Gyeote,https://youtu.be/pFT6craxB1I?si=jAGjGrtFXQ-sB4mV,https://youtu.be/iJ6ThgYyhSs?si=TpwR5T2Z2VDBhhJ7,remake,"[98, 177]","[99, 180]",65,147
Lee Oskar - My Love Beside Me,Kim Hyun Sik - Nae Sarang Nae Gyeote,https://youtu.be/pFT6craxB1I?si=jAGjGrtFXQ-sB4mV,https://youtu.be/iJ6ThgYyhSs?si=TpwR5T2Z2VDBhhJ7,remake,"[115,130, 194, 210]","[117,132, 197,213]",65,148
MISIA - Tsutsumi Komu You ni,SES - Gamsaaneumyeo,https://youtu.be/AXCY9ChTbro?si=GoToP2hsd9qfUEnB,https://youtu.be/5q59arJu1EY?si=nJW0k2diGKn0ASyr,remake,"[37,49,118, 130]","[36,48, 117, 129]",66,149
MISIA - Tsutsumi Komu You ni,SES - Gamsaaneumyeo,https://youtu.be/AXCY9ChTbro?si=GoToP2hsd9qfUEnB,https://youtu.be/5q59arJu1EY?si=nJW0k2diGKn0ASyr,remake,"[61, 142,223]","[60, 141, 222]",66,150
MISIA - Tsutsumi Komu You ni,SES - Gamsaaneumyeo,https://youtu.be/AXCY9ChTbro?si=GoToP2hsd9qfUEnB,https://youtu.be/5q59arJu1EY?si=nJW0k2diGKn0ASyr,remake,"[73, 154, 235]","[72, 153, 234]",66,151
MISIA - Tsutsumi Komu You ni,SES - Gamsaaneumyeo,https://youtu.be/AXCY9ChTbro?si=GoToP2hsd9qfUEnB,https://youtu.be/5q59arJu1EY?si=nJW0k2diGKn0ASyr,remake,"[88, 99, 169, 181]","[87, 99, 168, 180, 258, 270]",66,152
Papaya - Nae Yaegil Deureobwa,Oh My Girl - Nae Yaegil Deureobwa,https://youtu.be/N-zuZCCfX_U?si=EQoIHUx4Kpv4msCh,https://youtu.be/Po3VmIDSA34?si=pzFzR8jTWjwmp4Oc,remake,"[37,99]","[20,96]",67,153
Papaya - Nae Yaegil Deureobwa,Oh My Girl - Nae Yaegil Deureobwa,https://youtu.be/N-zuZCCfX_U?si=EQoIHUx4Kpv4msCh,https://youtu.be/Po3VmIDSA34?si=pzFzR8jTWjwmp4Oc,remake,"[46, 109]","[29, 106]",67,154
Papaya - Nae Yaegil Deureobwa,Oh My Girl - Nae Yaegil Deureobwa,https://youtu.be/N-zuZCCfX_U?si=EQoIHUx4Kpv4msCh,https://youtu.be/Po3VmIDSA34?si=pzFzR8jTWjwmp4Oc,remake,"[56, 118]","[39, 116]",67,155
Papaya - Nae Yaegil Deureobwa,Oh My Girl - Nae Yaegil Deureobwa,https://youtu.be/N-zuZCCfX_U?si=EQoIHUx4Kpv4msCh,https://youtu.be/Po3VmIDSA34?si=pzFzR8jTWjwmp4Oc,remake,"[65,75, 128, 137, 161, 171, 181, 190]","[49,58, 126, 135,159, 169, 178, 188]",67,156
Papaya - Nae Yaegil Deureobwa,Oh My Girl - Nae Yaegil Deureobwa,https://youtu.be/N-zuZCCfX_U?si=EQoIHUx4Kpv4msCh,https://youtu.be/Po3VmIDSA34?si=pzFzR8jTWjwmp4Oc,remake,[147],[145],67,157
Lee Moon Se - Sonyeo,Oh Hyuk - Sonyeo,https://youtu.be/xuGSixKl7fU?si=luH14sKpumWm9o_x,https://youtu.be/43Oh_-A3eI8?si=Hrp-P4FAQO3JpW5v,remake,[16],[15],68,158
Lee Moon Se - Sonyeo,Oh Hyuk - Sonyeo,https://youtu.be/xuGSixKl7fU?si=luH14sKpumWm9o_x,https://youtu.be/43Oh_-A3eI8?si=Hrp-P4FAQO3JpW5v,remake,[31],[29],68,159
Lee Moon Se - Sonyeo,Oh Hyuk - Sonyeo,https://youtu.be/xuGSixKl7fU?si=luH14sKpumWm9o_x,https://youtu.be/43Oh_-A3eI8?si=Hrp-P4FAQO3JpW5v,remake,"[47, 137]","[45, 133]",68,160
Lee Moon Se - Sonyeo,Oh Hyuk - Sonyeo,https://youtu.be/xuGSixKl7fU?si=luH14sKpumWm9o_x,https://youtu.be/43Oh_-A3eI8?si=Hrp-P4FAQO3JpW5v,remake,"[63, 152]","[60, 148]",68,161
Lee Moon Se - Sonyeo,Oh Hyuk - Sonyeo,https://youtu.be/xuGSixKl7fU?si=luH14sKpumWm9o_x,https://youtu.be/43Oh_-A3eI8?si=Hrp-P4FAQO3JpW5v,remake,"[77, 167]","[74,163]",68,162
Lee Moon Se - Sonyeo,Oh Hyuk - Sonyeo,https://youtu.be/xuGSixKl7fU?si=luH14sKpumWm9o_x,https://youtu.be/43Oh_-A3eI8?si=Hrp-P4FAQO3JpW5v,remake,"[92, 182]","[89, 178]",68,163
Jo Gyu Man - Da Jul Geoya,Lee Seung Gi - Da Jul Geoya,https://youtu.be/8ID0U7ZKeAY?si=twpraKmHcCXts7WV,https://youtu.be/wT-dsG6IxLw?si=BOSlb8Jjgf-DH_XR,remake,"[27, 57,123]","[31,61, 132]",69,164
Jo Gyu Man - Da Jul Geoya,Lee Seung Gi - Da Jul Geoya,https://youtu.be/8ID0U7ZKeAY?si=twpraKmHcCXts7WV,https://youtu.be/wT-dsG6IxLw?si=BOSlb8Jjgf-DH_XR,remake,"[42, 72,138]","[46, 76, 147]",69,165
Jo Gyu Man - Da Jul Geoya,Lee Seung Gi - Da Jul Geoya,https://youtu.be/8ID0U7ZKeAY?si=twpraKmHcCXts7WV,https://youtu.be/wT-dsG6IxLw?si=BOSlb8Jjgf-DH_XR,remake,"[87, 153]","[91, 162, 209]",69,166
Jo Gyu Man - Da Jul Geoya,Lee Seung Gi - Da Jul Geoya,https://youtu.be/8ID0U7ZKeAY?si=twpraKmHcCXts7WV,https://youtu.be/wT-dsG6IxLw?si=BOSlb8Jjgf-DH_XR,remake,"[102,168, 197]","[105,177, 223]",69,167
Daseot Songarak - Pungseon,TVXQ - Pungseon,https://youtu.be/ue2pUBKyzv4?si=le4UdO_0wQbr5dOv,https://youtu.be/p2r64AL7knk?si=-dsI6GE433EAx4kf,remake,"[4,17,71, 84, 137, 151, 177, 191 , 204]","[7, 20, 74, 87, 140, 154, 180, 194]",70,168
Daseot Songarak - Pungseon,TVXQ - Pungseon,https://youtu.be/ue2pUBKyzv4?si=le4UdO_0wQbr5dOv,https://youtu.be/p2r64AL7knk?si=-dsI6GE433EAx4kf,remake,"[31, 44, 97, 111]","[34, 47, 100, 114]",70,169
Daseot Songarak - Pungseon,TVXQ - Pungseon,https://youtu.be/ue2pUBKyzv4?si=le4UdO_0wQbr5dOv,https://youtu.be/p2r64AL7knk?si=-dsI6GE433EAx4kf,remake,"[57, 124]","[60, 127]",70,170
Bank - Gajil Su Eomneun Neo,Wheein - Gajil Su Eomneun Neo,https://youtu.be/iwePzJLYBwE?si=Gur9ZDkhNot0Eb8i,https://youtu.be/_fdq7TmEtG4?si=-FzwxVNhj3Y1LH7B,remake,"[25, 38, 150, 163]","[19, 33, 146, 160 ]",71,171
Bank - Gajil Su Eomneun Neo,Wheein - Gajil Su Eomneun Neo,https://youtu.be/iwePzJLYBwE?si=Gur9ZDkhNot0Eb8i,https://youtu.be/_fdq7TmEtG4?si=-FzwxVNhj3Y1LH7B,remake,"[50, 175]","[46, 173]",71,172
Bank - Gajil Su Eomneun Neo,Wheein - Gajil Su Eomneun Neo,https://youtu.be/iwePzJLYBwE?si=Gur9ZDkhNot0Eb8i,https://youtu.be/_fdq7TmEtG4?si=-FzwxVNhj3Y1LH7B,remake,"[63, 188]","[60, 186]",71,173
Bank - Gajil Su Eomneun Neo,Wheein - Gajil Su Eomneun Neo,https://youtu.be/iwePzJLYBwE?si=Gur9ZDkhNot0Eb8i,https://youtu.be/_fdq7TmEtG4?si=-FzwxVNhj3Y1LH7B,remake,"[75, 100, 200, 225]","[77, 105, 204, 231]",71,174
Bank - Gajil Su Eomneun Neo,Wheein - Gajil Su Eomneun Neo,https://youtu.be/iwePzJLYBwE?si=Gur9ZDkhNot0Eb8i,https://youtu.be/_fdq7TmEtG4?si=-FzwxVNhj3Y1LH7B,remake,"[88, 113, 212, 237]","[91, 118, 217, 245]",71,175
